{
	"id" : "template",
	"name" : "Template",
	"description" : "Plugin template pour la création de plugin",
	"licence" : "AGPL",
	"author" : "Loïc",
	"require" : "3.0",
	"category" : "programming",
	"hasDependency" : false,
	"hasOwnDeamon" : false,
	"maxDependancyInstallTime" : 0,
	"changelog" : "https://github.com/jeedom/plugin-template/blob/master/doc/#language#/changelog.asciidoc",
	"documentation" : "https://github.com/jeedom/plugin-template/blob/master/doc/#language#/index.asciidoc"
}
